,preds,labels,feature
0,1,1,EFFAAE
1,1,1,FKFEFKFE
2,1,1,CEIEIQINMWQ
3,1,1,QQEFQWQFRQQ
4,1,1,CKAKAQANM
5,1,1,FTISD
6,1,1,AAVVLLLWEE
7,1,1,FFGAAGLDGD
8,1,1,SFSFSF
9,1,1,LLLLLLKK
10,1,1,VEVE
11,1,1,YVVFL
12,1,1,FFPLGLAGKK
13,1,1,FFSGHFDFF
14,1,1,GGGGGGDD
15,1,1,GAIL
16,1,1,KAKAQA
17,1,1,KFKFQF
18,1,1,LIVAGD
19,1,1,LAVAGD
20,1,1,AIVAGD
21,1,1,LIVAGE
22,1,1,QYQYQYQ
23,1,1,CKIKQIINM
24,1,1,KIKQIINM
25,0,1,QMAVHV
26,1,1,STVIIV
27,1,1,STVIIT
28,1,1,STVIIM
29,0,1,STNIIE
30,0,1,STEIIE
31,1,1,SNVIIE
32,1,1,SDVIIE
33,1,1,NTVIIE
34,1,1,ITVIIE
35,0,1,ETVIIE
36,0,1,LLYYTE
37,1,1,VEALYL
38,0,1,LYQLEN
39,1,1,VVVVV
40,1,1,FKFEF
41,0,1,VKVEV
42,1,1,KFFFE
43,1,1,KWMDF
44,0,0,RITTR
45,0,0,TTSGHTDTT
46,1,0,KIKQII
47,0,0,STVQIE
48,0,0,STVISE
49,0,0,STVIME
50,0,0,STVIGE
51,0,0,KTVIYE
52,0,0,KTVIVE
53,0,0,PTEKDE
54,1,0,NGKSNF
55,1,0,NGERIE
56,0,0,LSQPKI
57,0,0,LKNGER
58,1,0,IQVYSR
59,0,0,FTPTEK
60,0,0,ERIEKV
61,1,0,EKDEYA
62,0,0,DIEVDL
63,1,0,YQLENY
64,1,0,GFFYTP
65,1,0,NLGPVL
66,0,0,WKPYY
67,0,0,PPPHY
68,0,1,GGGGDD
69,1,1,NININI
70,1,1,CKAKAQANMWQ
71,1,1,VQIVYK
72,1,1,GFFLG
73,1,1,GGGGGGGGDD
74,1,1,YVVFV
75,1,1,VVEE
76,1,1,KLVFF
77,1,1,KLVFFAE
78,1,1,FFGPAGLDGD
79,1,1,FFGPLGLDGD
80,1,1,VVVVVVDD
81,0,1,SSTSAA
82,1,1,VVVVVVKK
83,0,1,LIVGD
84,1,1,KAKAQANMWQ
85,1,1,KFKFQFNMWQ
86,1,1,FFGPLGLKGK
87,1,1,FFGPAGLKGK
88,1,1,LIVAGK
89,1,1,CKFKFQF
90,0,1,TTVIIE
91,1,1,SYVIIE
92,0,1,STVYIE
93,1,1,STVWIE
94,1,1,STVIIS
95,1,1,STVIIQ
96,1,1,STVIII
97,1,1,STVIIF
98,1,1,STVIIA
99,0,1,STVIFE
100,1,1,STVFIE
101,0,1,STQIIE
102,0,1,STLIIE
103,0,1,STFIIE
104,1,1,SMVIIE
105,1,1,ATVIIE
106,1,1,FYLLYY
107,1,1,AAVVLLLW
108,1,1,KFFDY
109,0,0,PLVKA
110,1,0,RITWI
111,0,0,TGTHTSTDT
112,1,0,AGAHASADA
113,1,0,KIKIQI
114,0,0,STVIVE
115,0,0,STVITE
116,1,0,STVIIP
117,0,0,STVGIE
118,1,0,STVAIE
119,0,0,STTIIE
120,0,0,STPIIE
121,0,0,STMIIE
122,0,0,KTVLIE
123,1,0,SDLSFS
124,1,0,FSKDWS
125,0,0,EHSDLS
126,0,0,GERGFF
127,0,0,EALYLV
128,0,0,KVKVK
129,0,0,PTPCY
130,1,0,KDHFY
131,0,0,EPYYK
132,0,0,KDPYY
133,1,1,NNQQNY
134,1,1,YVIFL
135,0,1,WRWRWRWR
136,1,1,FFVLK
137,1,1,CKIKIQINMWQ
138,1,1,AAAAAAK
139,1,1,FAGFT
140,0,1,WRWRWR
141,1,1,FFGALGLDGD
142,1,1,WRWRWRWRWR
143,1,1,NVVVVY
144,1,1,FFGALGLKGK
145,1,1,FKFEFKFEFKFE
146,1,1,FFVDF
147,1,1,GFIL
148,1,1,FGFHFSFDF
149,1,1,PRFRFRFRF
150,1,1,IIIK
151,1,1,LLLLLLDD
152,1,1,KAKAQAN
153,0,1,KLDLKLDLKLDL
154,1,1,ILVAGS
155,1,1,LIVAGT
156,1,1,LIVAD
157,1,1,IVAD
158,1,1,NYNYNYN
159,0,1,SYSYSYS
160,1,1,CKFKFQFNM
161,1,1,CKIKIQI
162,1,1,CKIKIQIN
163,1,1,MKIKIQI
164,1,1,SVVIIE
165,1,1,STVIIN
166,1,1,STVIIL
167,1,1,STVIID
168,1,1,SSVIIE
169,1,1,SQVIIE
170,1,1,SAVIIE
171,1,1,LTVIIE
172,1,1,FTVIIE
173,0,1,NHVTLS
174,0,1,KDWSFY
175,1,1,LVEALY
176,0,1,SYCGY
177,1,1,FFEKF
178,1,0,QIMRW
179,1,0,AASGHADAA
180,0,0,STVPIE
181,1,0,STVIQE
182,0,0,STVIAE
183,0,0,STDIIE
184,0,0,PTVIIE
185,1,0,YVSGFH
186,1,0,WSFYLL
187,0,0,VTLSQP
188,0,0,TEFTPT
189,0,0,SRHPAE
190,0,0,RTPKIQ
191,0,0,QPKIVK
192,0,0,PSDIEV
193,0,0,SLYQLE
194,1,0,HLVEAL
195,0,0,FYTPKT
196,1,0,FVNQHL
197,1,0,ERGFFY
198,0,0,KKFDD
199,0,0,DPDPD
200,0,0,YTEYK
201,0,0,YDPKY
202,1,1,GFFLGLDD
203,1,1,AILSS
204,1,1,CEIEIQI
205,1,1,NFGAIL
206,1,1,LDFPI
207,1,1,CSISIQI
208,1,1,FFALGLAGKK
209,1,1,FFGAAGLKGK
210,1,1,VVVVVVK
211,1,1,FFPLGLAGDD
212,1,1,NVQVVY
213,1,1,VVVVVVD
214,1,1,IKVAV
215,1,1,FGFDP
216,1,1,KFKFQFN
217,1,1,KIKIQINM
218,1,1,KIKIQINMWQ
219,1,1,AIVAGS
220,1,1,GYGYGYG
221,1,1,NYNNYN
222,0,1,SYSSYS
223,1,1,CKAKAQA
224,1,1,CKIKQII
225,1,1,NFGSVQ
226,0,1,YTVIIE
227,0,1,STVNIE
228,0,1,STVEIE
229,1,1,SLVIIE
230,1,1,SIVIIE
231,1,1,SFVIIE
232,0,1,QTVIIE
233,1,1,MTVIIE
234,1,1,GTVIIE
235,0,1,DTVIIE
236,1,1,FLVHSS
237,1,1,VKVFF
238,1,1,KFAFD
239,0,1,RWLDY
240,0,1,KWEFY
241,1,1,FKIDF
242,1,0,KAAGG
243,0,0,STYIIE
244,0,0,STVVIE
245,0,0,STVMIE
246,0,0,STVINE
247,0,0,STVIEE
248,1,0,SPVIIE
249,0,0,KTVIIT
250,0,0,KTVIIE
251,0,0,YYTEFT
252,0,0,VYSRHP
253,0,0,VKWDRD
254,0,0,PKIQVY
255,0,0,KVEHSD
256,1,0,KSNFLN
257,0,0,IEKVEH
258,1,0,HPAENG
259,0,0,FHPSDI
260,0,0,SHLVEA
261,0,0,GSHLVE
262,1,0,LIAGFN
263,1,0,VKVKV
264,1,1,CEIEIQINM
265,1,1,KFFAAK
266,1,1,GGGGGGGGGGDD
267,1,1,GGVVIA
268,0,1,ISDNL
269,1,1,YYACAYY
270,1,1,CKFKFQFNMWQ
271,1,1,FFKLVFF
272,1,1,CSISIQINM
273,1,1,AAAAAAD
274,0,1,ITSVV
275,1,1,GFFL
276,1,1,GAVILRR
277,1,1,NVVQIY
278,1,1,YFTEF
279,1,1,AAAAAAAAAAAARR
280,1,1,FGAIL
281,1,1,GNNQQNY
282,1,1,RFRFRFRF
283,1,1,NNVVNY
284,1,1,IIIIIIKK
285,1,1,ILVAGD
286,1,1,LIVAAD
287,1,1,LIVAGS
288,1,1,AIVAGT
289,1,1,QYQQYQ
290,1,1,CKIKQIINMWQ
291,1,1,KIKQIINMWQ
292,0,1,PPPPPPPPPPRRR
293,1,1,MKFKFQF
294,1,1,YFCFY
295,1,1,YTIAALLSPYS
296,1,1,WTVIIE
297,1,1,VTVIIE
298,0,1,STVTIE
299,1,1,STVLIE
300,1,1,STVIYE
301,1,1,STVIIY
302,1,1,STVIIW
303,1,1,STVIIE
304,0,1,STSIIE
305,1,1,SGVIIE
306,1,1,SEVIIE
307,1,1,KIVKWD
308,0,0,PFTTR
309,1,0,VKVKVKVK
310,1,0,SWVIIE
311,0,0,STVSIE
312,0,0,STVIWE
313,0,0,STVIPE
314,0,0,STVILE
315,0,0,STVIDE
316,0,0,STVDIE
317,1,0,STIIIE
318,1,0,STGIIE
319,1,0,STAIIE
320,0,0,SGFHPS
321,0,0,RVNHVT
322,1,0,LSFSKD
323,0,0,KWDRDM
324,0,0,IQRTPK
325,1,0,EVDLLK
326,1,0,DLLKNG
327,0,0,AENGKS
328,1,0,RGFFYT
329,1,0,FFYTPK
330,0,0,RVSVD
331,0,0,YEPYK
