,preds_Random Forest_305475974,labels_Random Forest_305475974,feature_Random Forest_305475974,preds_Random Forest_369953070,labels_Random Forest_369953070,feature_Random Forest_369953070,preds_Random Forest_879273778,labels_Random Forest_879273778,feature_Random Forest_879273778,preds_Random Forest_965681145,labels_Random Forest_965681145,feature_Random Forest_965681145,preds_Random Forest_992391276,labels_Random Forest_992391276,feature_Random Forest_992391276
0,1,1,EFFAAE,1,1,AEAEAEAEAKAKAKAK,1,1,AEAEAEAEAKAKAKAK,1,1,YVIFL,1,1,GFFLGLDD
1,1,1,FKFEFKFE,1,1,QEIARLEQEIARLEYEIARLE,1,1,CKAKAQANMWQ,0,1,QQEFQWQFRQQ,1,1,NININI
2,1,1,CEIEIQINMWQ,1,1,AILSS,0,1,VQIVYK,1,1,YYACAYY,0,1,ISDNL
3,1,1,QQEFQWQFRQQ,1,1,GGGGGGGGGGDD,0,1,FTISD,1,1,CKFKFQFNMWQ,0,1,FTISD
4,1,1,CKAKAQANM,1,1,NININI,1,1,AAVVLLLWEE,1,1,AAVVLLLWEE,1,1,CKIKIQINMWQ
5,0,1,FTISD,1,1,CKAKAQANM,1,1,CKIKIQINMWQ,1,1,CSISIQI,1,1,AAAAAAK
6,1,1,AAVVLLLWEE,1,1,CKAKAQANMWQ,1,1,FFALGLAGKK,1,1,GFFLG,1,1,CSISIQINM
7,1,1,FFGAAGLDGD,1,1,FTISD,1,1,WRWRWR,1,1,AAAAAAD,1,1,GGGGGGGGDD
8,1,1,SFSFSF,1,1,FFALGLAGKK,1,1,YVVFV,1,1,FFGAAGLDGD,1,1,FAGFT
9,1,1,LLLLLLKK,1,1,WRWRWR,1,1,FFGALGLKGK,1,1,WRWRWRWRWR,1,1,WRWRWR
10,1,1,VEVE,1,1,FFGAAGLDGD,1,1,FFGPLGLDGD,1,1,GAVILRR,1,1,FFGALGLDGD
11,1,1,YVVFL,1,1,FKFEFKFEFKFE,1,1,AAAAAAAAAAAARR,1,1,FFGPLGLDGD,1,1,GAVILRR
12,1,1,YVNAKQYYRILKRRY,1,1,AAAAAAAAAAAARR,1,1,VEVE,1,1,FKFEFKFEFKFE,1,1,LLLLLLKK
13,1,1,FFPLGLAGKK,1,1,VVVVVVDD,1,1,VVVVVVK,1,1,SSTSAA,1,1,AEAEAKAKAEAEAKAK
14,1,1,FFSGHFDFF,1,1,FFVDF,1,1,SSTSAA,1,1,AEAEAKAKAEAEAKAK,1,1,NVQVVY
15,1,1,RADARADARADARADA,1,1,FFPLGLAGDD,1,1,VVVVVVD,1,1,VVVVVVKK,1,1,INHVGGTGGAIMAPVAVTRQLVGS
16,1,1,GGGGGGDD,1,1,INHVGGTGGAIMAPVAVTRQLVGS,1,1,RADARADARADARADA,1,1,YVNAKQYYRILKRRY,1,1,VVVVVVD
17,1,1,GAIL,1,1,RADARADARADARADA,1,1,PRFRFRFRF,1,1,NVQVVY,1,1,PRFRFRFRF
18,1,1,KAKAQA,1,1,GGGGGGDD,1,1,FGFDP,1,1,INHVGGTGGAIMAPVAVTRQLVGS,1,1,NNVVNY
19,1,1,KFKFQF,1,1,PRFRFRFRF,1,1,IIIK,1,1,GFIL,0,1,KYF
20,1,1,KYF,1,1,LLLLLLDD,1,1,LIVGD,1,1,GAIL,1,1,FFGPLGLKGK
21,1,1,LIVAGD,1,1,KFKFQFNMWQ,1,1,IIIIIIKK,0,1,KFG,1,1,VKVKVKVRVPPTRVKVKVKV
22,1,1,LAVAGD,1,1,KIKIQINMWQ,1,1,KIKIQINM,1,1,VRVRVRVRVPPTRVRVRVRV,1,1,GGGAAAVVVIIIKKK
23,1,1,AIVAGD,1,1,VKVRVRVRVPPTRVRVRVKV,1,1,KYF,1,1,KKKIIIVVVAAAGGG,1,1,LAVAGD
24,1,1,LIVAGE,1,1,VRVRVRVRVPPTRVRVRVRV,1,1,VKVKVKVRVPPTRVKVKVKV,1,1,VVVGGGIIIAAAKKK,1,1,ILVAGS
25,1,1,MEMEMKMKMEMEMKMK,1,1,KKKIIIVVVAAAGGG,1,1,LIVAGT,1,1,ILVAGS,1,1,LIVAGT
26,1,1,QYQYQYQ,1,1,VVVGGGIIIAAAKKK,1,1,IVAD,1,1,IVAD,1,1,AIVAGT
27,1,1,AAKAAAKAAAKAAAKA,1,1,IVD,1,1,IVD,1,1,QYQYQYQ,1,1,MEMEMKMKMEMEMKMK
28,1,1,CKIKQIINM,1,1,NYNYNYN,1,1,IID,1,1,NYNNYN,1,1,GYGYGYG
29,1,1,KIKQIINM,1,1,QYQYQYQ,1,1,NYNNYN,1,1,CKAKAQA,1,1,NYNNYN
30,1,1,QMAVHV,1,1,GYGYGYG,1,1,CKFKFQF,1,1,CKIKIQIN,1,1,AAKAAAKAAAKAAAKA
31,1,1,RATARAEFRATARAEA,1,1,CKIKIQIN,1,1,CKIKIQIN,1,1,CKIKQIINM,1,1,CKFKFQF
32,1,1,STVIIV,1,1,CKIKQIINM,1,1,CKIKQII,1,1,QMAVHV,1,1,CKIKQIINMWQ
33,1,1,STVIIT,1,1,KASAKAEAKAEAKASA,1,1,KASAKAEAKAEAKASA,1,1,YFCFY,1,1,MKIKIQI
34,1,1,STVIIM,1,1,KIKQIINM,1,1,RADFRADARADARADA,1,1,STVIIT,1,1,PPPPPPPPPPRRR
35,0,1,STNIIE,1,1,SYVIIE,1,1,NFGSVQ,1,1,STVIIL,1,1,RADFRADARADARADA
36,0,1,STEIIE,1,1,SVVIIE,1,1,RATARAEFRATARAEA,1,1,STVIIE,1,1,RATARAEFRATARAEA
37,1,1,SNVIIE,1,1,STVIIY,1,1,STVLIE,1,1,STVIID,1,1,YTVIIE
38,1,1,SDVIIE,1,1,STVIII,1,1,STVIIS,1,1,STVFIE,1,1,STVIIV
39,1,1,NTVIIE,1,1,STLIIE,1,1,STVIIQ,0,1,STVEIE,1,1,STVIII
40,1,1,ITVIIE,1,1,STFIIE,0,1,STVEIE,1,1,STQIIE,1,1,STVIIF
41,1,1,ETVIIE,1,1,SQVIIE,0,1,STQIIE,1,1,SQVIIE,1,1,STFIIE
42,1,1,LLYYTE,1,1,NTVIIE,1,1,STEIIE,1,1,SMVIIE,0,1,STEIIE
43,1,1,VEALYL,1,1,FTVIIE,1,1,SSVIIE,1,1,SIVIIE,1,1,SDVIIE
44,0,1,LYQLEN,1,1,ETVIIE,1,1,SLVIIE,1,1,NTVIIE,1,1,ITVIIE
45,1,1,VVVVV,0,1,FLVHSS,1,1,NTVIIE,1,1,ITVIIE,1,1,ETVIIE
46,1,1,FKFEF,1,1,KKSLSLSLSLSLSLKK,1,1,LLYYTE,1,1,GTVIIE,1,1,LLYYTE
47,0,1,VKVEV,1,1,KFFFE,1,1,VEALYL,1,1,ATVIIE,0,1,KIVKWD
48,1,1,KFFFE,1,1,SYCGY,1,1,VVVVV,1,1,VVVVV,0,1,LVEALY
49,1,1,KWMDF,0,1,RWLDY,1,1,SYCGY,1,1,FKIDF,1,1,FKFEF
50,0,0,RITTR,0,0,RITTR,1,0,KAAGG,1,0,PLVKA,0,0,RITTR
51,0,0,TTSGHTDTT,0,0,TTSGHTDTT,1,0,QIMRW,0,0,STVPIE,1,0,VKVKVKVK
52,0,0,KIKQII,1,0,KIKQII,1,0,AGAHASADA,0,0,STVMIE,1,0,STVVIE
53,0,0,STVQIE,1,0,STVQIE,1,0,KIKIQI,1,0,STVIEE,1,0,STVQIE
54,0,0,STVISE,0,0,STVINE,1,0,VKVKVKVKVDPPTKVEVKVKV,0,0,STVGIE,1,0,STVIVE
55,0,0,STVIME,1,0,STVILE,1,0,STVILE,0,0,STVDIE,0,0,STVINE
56,0,0,STVIGE,0,0,KTVIYE,1,0,STVIEE,1,0,STTIIE,1,0,STVIIP
57,0,0,KTVIYE,1,0,YYTEFT,0,0,STVAIE,0,0,STMIIE,0,0,STVGIE
58,0,0,KTVIVE,1,0,WSFYLL,0,0,STTIIE,1,0,STIIIE,0,0,STPIIE
59,0,0,PTEKDE,1,0,VTLSQP,1,0,STDIIE,0,0,KTVIYE,1,0,STIIIE
60,0,0,NGKSNF,0,0,SDLSFS,0,0,NGKSNF,1,0,YYTEFT,1,0,SPVIIE
61,0,0,NGERIE,1,0,PSDIEV,0,0,LSFSKD,0,0,VYSRHP,1,0,PTVIIE
62,0,0,LSQPKI,1,0,PKIQVY,0,0,KVEHSD,0,0,LSQPKI,0,0,KTVIIE
63,0,0,LKNGER,0,0,NGKSNF,0,0,IQVYSR,0,0,KVEHSD,1,0,WSFYLL
64,0,0,IQVYSR,0,0,LKNGER,0,0,FSKDWS,0,0,IQRTPK,0,0,VYSRHP
65,0,0,FTPTEK,0,0,KWDRDM,0,0,FHPSDI,0,0,HPAENG,0,0,QPKIVK
66,0,0,ERIEKV,0,0,IQRTPK,0,0,EHSDLS,1,0,DIEVDL,1,0,PSDIEV
67,0,0,EKDEYA,0,0,ERIEKV,0,0,FYTPKT,0,0,GSHLVE,0,0,LSFSKD
68,1,0,DIEVDL,0,0,DLLKNG,0,0,ERGFFY,1,0,EALYLV,0,0,KVEHSD
69,0,0,YQLENY,1,0,DIEVDL,0,0,RVSVD,1,0,NLGPVL,0,0,FHPSDI
70,1,0,GFFYTP,0,0,FVNQHL,0,0,KVKVK,1,0,LIAGFN,0,0,EVDLLK
71,1,0,NLGPVL,1,0,LIAGFN,1,0,PTPCY,0,0,DPDPD,1,0,LIAGFN
72,1,0,WKPYY,0,0,DPDPD,0,0,KDPYY,0,0,YTEYK,0,0,KDHFY
73,1,0,PPPHY,0,0,YEPYK,0,0,YEPYK,0,0,YEPYK,0,0,KDPYY
74,1,1,GGGGDD,1,1,NNQQNY,1,1,GGGGDD,1,1,AILSS,1,1,QEIARLEQEIARLEYEIARLE
75,1,1,NININI,1,1,EFFAAE,1,1,GFFLGLDD,0,1,NFGAIL,1,1,NNQQNY
76,1,1,CKAKAQANMWQ,0,1,QQEFQWQFRQQ,1,1,NNQQNY,1,1,WRWRWR,1,1,AILSS
77,1,1,VQIVYK,0,1,VQIVYK,1,1,CEIEIQINM,1,1,AAVVLLLWEEEEEEE,1,1,EFFAAE
78,1,1,GFFLG,1,1,FFKLVFF,1,1,EFFAAE,1,1,FFGALGLDGD,1,1,GGGGGGGGGGDD
79,1,1,GGGGGGGGDD,1,1,LDFPI,1,1,GGVVIA,1,1,SFSFSF,1,1,CEIEIQINMWQ
80,1,1,YVVFV,1,1,AAAAAAK,1,1,FFGAAGLDGD,1,1,KLVFFAE,1,1,YYACAYY
81,1,1,VVEE,1,1,GGGGGGGGDD,1,1,VVEE,1,1,NVVQIY,1,1,CKFKFQFNMWQ
82,1,1,KLVFF,1,1,RARADADARARADADA,1,1,KLVFF,1,1,DFY,1,1,VQIVYK
83,1,1,KLVFFAE,1,1,AAVVLLLWEEEEEEE,1,1,LLLLLLKK,1,1,YVVFL,1,1,YVVFV
84,1,1,FFGPAGLDGD,1,1,FFGALGLDGD,1,1,VVVVVVKK,1,1,FFVDF,1,1,FFGAAGLDGD
85,1,1,FFGPLGLDGD,1,1,KLVFF,1,1,FFPLGLAGDD,1,1,FGAIL,1,1,AAVVLLLWEEEEEEE
86,1,1,DFY,1,1,GFFL,1,1,FGAIL,1,1,FGFHFSFDF,1,1,FFGAAGLKGK
87,1,1,VVVVVVDD,1,1,GAVILRR,1,1,GNNQQNY,1,1,PRFRFRFRF,1,1,NVVVVY
88,1,1,SSTSAA,1,1,LLLLLLKK,1,1,FFPLGLAGKK,1,1,LLLLLLDD,1,1,KLVFFAE
89,1,1,AEAEAKAKAEAEAKAK,1,1,NVQVVY,1,1,FGFHFSFDF,1,1,KAKAQANMWQ,1,1,FFGPLGLDGD
90,1,1,VVVVVVKK,1,1,IKVAV,1,1,WVNAKQYWRILKRRW,1,1,KFKFQFN,1,1,YVNAKQYYRILKRRY
91,1,1,INHVGGTGGAIMAPVAVTRQLVGS,1,1,FGFDP,1,1,RFRFRFRF,1,1,KFKFQFNMWQ,1,1,WVNAKQYWRILKRRW
92,1,1,LIVGD,1,1,GAIL,1,1,GGGGGGDD,1,1,KLDLKLDLKLDL,1,1,KAKAQAN
93,1,1,KAKAQANMWQ,1,1,KYF,1,1,KFKFQFN,0,1,KYF,1,1,KFKFQFNMWQ
94,1,1,KFG,1,1,FFGPAGLKGK,1,1,KFKFQFNMWQ,1,1,FFGPAGLKGK,1,1,VKVRVRVRVPPTRVRVRVKV
95,1,1,KFKFQFNMWQ,1,1,KKKGGGAAAVVVIII,1,1,KLDLKLDLKLDL,1,1,VKVRVRVRVPPTRVRVRVKV,1,1,VKVKVRVRVPPTRVRVKVKV
96,1,1,FFGPLGLKGK,1,1,LAVAGD,1,1,FFGPLGLKGK,1,1,KKKGGGAAAVVVIII,1,1,KKKIIIVVVAAAGGG
97,1,1,FFGPAGLKGK,1,1,LIVAD,1,1,FFGPAGLKGK,1,1,LAVAGD,1,1,KKKAAAIIIGGGVVV
98,1,1,KKKGGGAAAVVVIII,1,1,IVAD,1,1,KKKGGGAAAVVVIII,1,1,AIVAGS,1,1,LIVAGD
99,1,1,VVVGGGIIIAAAKKK,1,1,SYSYSYS,1,1,VVVGGGIIIAAAKKK,1,1,GYGYGYG,1,1,SYSYSYS
100,1,1,LIVAGK,1,1,SYSSYS,1,1,KKKAAAIIIGGGVVV,1,1,QYQQYQ,1,1,QYQQYQ
101,1,1,LFF,1,1,CKAKAQA,1,1,AIVAGD,1,1,CKFKFQFNM,1,1,LFF
102,1,1,CKFKFQF,1,1,MKIKIQI,1,1,LIVAGE,1,1,CKIKQII,1,1,CKIKQII
103,1,1,KASAKAEAKAEAKASA,1,1,RATARAEARATARAEA,1,1,LIVAGK,1,1,CKIKQIINMWQ,1,1,PPPPPPPPPPRKKRRQRRR
104,1,1,SAEAKAEAKAEASAEA,0,1,QMAVHV,1,1,AIVAGT,1,1,KASAKAEAKAEAKASA,1,1,MKFKFQF
105,1,1,TTVIIE,1,1,YTVIIE,1,1,NYNYNYN,1,1,RADARADFRADARADA,1,1,RATARAEARATARAEA
106,1,1,SYVIIE,1,1,STVYIE,1,1,QYQQYQ,1,1,WTVIIE,1,1,NFGSVQ
107,0,1,STVYIE,0,1,STVNIE,1,1,AAKAAAKAAAKAAAKA,1,1,STVWIE,1,1,YFCFY
108,0,1,STVWIE,1,1,STVIIT,1,1,CKAKAQA,0,1,STVTIE,1,1,WTVIIE
109,1,1,STVIIS,1,1,STVIIS,1,1,CKIKQIINM,0,1,STVNIE,1,1,TTVIIE
110,1,1,STVIIQ,1,1,STVIIL,1,1,KIKQIINMWQ,0,1,STVIYE,0,1,STVYIE
111,1,1,STVIII,1,1,STVIIF,1,1,MKFKFQF,1,1,STVIIY,0,1,STVTIE
112,1,1,STVIIF,0,1,STVIID,1,1,YTIAALLSPYS,1,1,STVIIV,0,1,STVIYE
113,1,1,STVIIA,0,1,STVEIE,1,1,WTVIIE,1,1,STVIII,1,1,STVIIT
114,0,1,STVIFE,1,1,SLVIIE,0,1,STVTIE,0,1,STSIIE,1,1,STVIIS
115,0,1,STVFIE,1,1,SGVIIE,1,1,STVIIT,1,1,SGVIIE,1,1,STVIIQ
116,0,1,STQIIE,1,1,SDVIIE,1,1,STVIII,1,1,MTVIIE,1,1,STVIIM
117,1,1,STLIIE,1,1,ITVIIE,1,1,SGVIIE,1,1,FTVIIE,1,1,STVIIE
118,0,1,STFIIE,0,1,KIVKWD,1,1,MTVIIE,1,1,LLYYTE,0,1,STNIIE
119,1,1,SMVIIE,1,1,LVEALY,0,1,NHVTLS,1,1,AAVVLLLW,1,1,SFVIIE
120,1,1,ATVIIE,1,1,AAVVLLLW,0,1,LYQLEN,1,1,FKFEF,1,1,VKVFF
121,1,1,FYLLYY,1,1,FKFEF,1,1,AAVVLLLW,1,1,KFFFE,1,1,KWEFY
122,1,1,AAVVLLLW,0,1,VKVEV,1,1,VKVFF,1,1,KWEFY,1,1,FKIDF
123,1,1,KFFDY,1,1,KFAFD,1,1,KFFFE,1,1,KFFDY,1,1,KWMDF
124,1,0,PLVKA,0,0,PFTTR,0,0,RITTR,0,0,KIKQII,1,0,QIMRW
125,1,0,RITWI,1,0,AGAHASADA,1,0,VKVKVKVK,1,0,SWVIIE,1,0,RITWI
126,0,0,TGTHTSTDT,1,0,STYIIE,1,0,STVIWE,0,0,STVQIE,0,0,TGTHTSTDT
127,1,0,AGAHASADA,1,0,STVVIE,0,0,STVITE,0,0,STVITE,1,0,AGAHASADA
128,0,0,KIKIQI,1,0,STVSIE,0,0,STVINE,0,0,STVIQE,1,0,KIKQII
129,0,0,STVIVE,0,0,STVPIE,0,0,STVGIE,0,0,STVIPE,1,0,STVIEE
130,0,0,STVITE,0,0,STVISE,0,0,STMIIE,1,0,STVIIP,0,0,STVDIE
131,1,0,STVIIP,0,0,STVGIE,1,0,KTVIIT,0,0,STVIAE,0,0,STTIIE
132,0,0,STVGIE,0,0,STPIIE,1,0,YYTEFT,0,0,KTVLIE,0,0,STAIIE
133,0,0,STVAIE,1,0,SPVIIE,0,0,TEFTPT,0,0,KTVIIE,0,0,KTVLIE
134,0,0,STTIIE,0,0,KTVLIE,0,0,LKNGER,1,0,YVSGFH,1,0,VTLSQP
135,0,0,STPIIE,0,0,KTVIIE,0,0,KSNFLN,0,0,PTEKDE,0,0,SDLSFS
136,0,0,STMIIE,0,0,VKWDRD,0,0,FTPTEK,1,0,PSDIEV,0,0,NGKSNF
137,0,0,KTVLIE,0,0,RVNHVT,1,0,EVDLLK,0,0,KSNFLN,0,0,IQVYSR
138,0,0,SDLSFS,0,0,PTEKDE,0,0,EKDEYA,1,0,FHPSDI,0,0,IEKVEH
139,0,0,FSKDWS,0,0,KVEHSD,0,0,DLLKNG,0,0,EKDEYA,0,0,DLLKNG
140,0,0,EHSDLS,0,0,KSNFLN,1,0,DIEVDL,0,0,AENGKS,1,0,DIEVDL
141,0,0,GERGFF,1,0,SLYQLE,0,0,GERGFF,0,0,RGFFYT,1,0,YQLENY
142,1,0,EALYLV,0,0,SHLVEA,1,0,EALYLV,1,0,HLVEAL,1,0,SLYQLE
143,0,0,KVKVK,0,0,GSHLVE,1,0,NLGPVL,1,0,GFFYTP,1,0,HLVEAL
144,1,0,PTPCY,0,0,GERGFF,1,0,LIAGFN,1,0,GERGFF,1,0,FVNQHL
145,0,0,KDHFY,0,0,FYTPKT,0,0,KDHFY,0,0,KKFDD,0,0,RVSVD
146,0,0,EPYYK,1,0,EALYLV,0,0,YTEYK,1,0,PTPCY,1,0,PTPCY
147,0,0,KDPYY,0,0,YTEYK,0,0,YDPKY,0,0,EPYYK,0,0,YEPYK
148,1,1,QEIARLEQEIARLEYEIARLE,1,1,GGGGDD,1,1,AILSS,1,1,AEAEAEAEAKAKAKAK,1,1,YVIFL
149,1,1,NNQQNY,1,1,GFFLGLDD,1,1,CEIEIQI,1,1,EFFAAE,1,1,CEIEIQINM
150,1,1,YVIFL,1,1,CEIEIQI,1,1,GGGGGGGGGGDD,1,1,GGVVIA,1,1,KFFAAK
151,1,1,WRWRWRWR,1,1,CEIEIQINM,1,1,NININI,1,1,NININI,1,1,GGVVIA
152,1,1,FFVLK,1,1,KFFAAK,0,1,ISDNL,0,1,ISDNL,1,1,NFGAIL
153,1,1,CKIKIQINMWQ,1,1,WRWRWRWR,1,1,NFGAIL,0,1,FTISD,1,1,CKAKAQANM
154,1,1,AAAAAAK,1,1,CKFKFQFNMWQ,1,1,CKAKAQANM,1,1,FFKLVFF,1,1,LDFPI
155,1,1,FAGFT,1,1,AAVVLLLWEE,1,1,AAAAAAK,1,1,LDFPI,1,1,FFVLK
156,1,1,WRWRWR,1,1,CKIKIQINMWQ,1,1,ITSVV,1,1,FFVLK,1,1,CSISIQI
157,1,1,FFGALGLDGD,1,1,CSISIQINM,1,1,NVVVVY,1,1,AAAAAAK,1,1,GFFLG
158,1,1,WRWRWRWRWR,1,1,FFGAAGLKGK,1,1,NVVQIY,1,1,GGGGGGGGDD,1,1,FFALGLAGKK
159,1,1,NVVVVY,1,1,NVVVVY,1,1,AEAEAKAKAEAEAKAK,1,1,RARADADARARADADA,1,1,AAAAAAD
160,1,1,FFGALGLKGK,1,1,SFSFSF,1,1,INHVGGTGGAIMAPVAVTRQLVGS,0,1,VVEE,1,1,GFFL
161,1,1,FKFEFKFEFKFE,1,1,YFTEF,1,1,IKVAV,1,1,KLVFF,1,1,FFGPAGLDGD
162,1,1,FFVDF,1,1,AEAEAKAKAEAEAKAK,1,1,NNVVNY,1,1,FFGALGLKGK,1,1,AAAAAAAAAAAARR
163,1,1,GFIL,1,1,FFPLGLAGKK,0,1,KFG,1,1,YFTEF,1,1,VVVVVVDD
164,1,1,FGFHFSFDF,1,1,FFSGHFDFF,1,1,VKVRVRVRVPPTRVRVRVKV,0,1,VEVE,1,1,GNNQQNY
165,1,1,PRFRFRFRF,1,1,GFIL,1,1,GGGAAAVVVIIIKKK,1,1,WVNAKQYWRILKRRW,1,1,FFPLGLAGKK
166,1,1,IIIK,1,1,RFRFRFRF,1,1,IIIVVVAAAGGGKKK,1,1,RFRFRFRF,1,1,FFSGHFDFF
167,1,1,LLLLLLDD,1,1,KFKFQF,1,1,LIVAGD,1,1,LIVGD,1,1,GFIL
168,0,1,KAKAQAN,1,1,KFKFQFN,1,1,ILVAGD,0,1,KAKAQA,1,1,RADARADARADARADA
169,1,1,KLDLKLDLKLDL,1,1,IIIVVVAAAGGGKKK,1,1,LIVAAD,1,1,KIKIQINMWQ,1,1,LIVGD
170,1,1,VKVKVKVRVPPTRVKVKVKV,1,1,ILVAGD,1,1,LIVAGS,1,1,FFGPLGLKGK,0,1,KAKAQA
171,1,1,KKKAAAIIIGGGVVV,1,1,LIVAGS,1,1,AIVAGS,1,1,GGGAAAVVVIIIKKK,1,1,KAKAQANMWQ
172,1,1,ILVAGS,1,1,ILVAGS,1,1,LIVAD,1,1,LIVAGD,1,1,KIKIQINMWQ
173,1,1,LIVAGT,1,1,AIVAGS,1,1,MEMEMKMKMEMEMKMK,1,1,ILVAGD,1,1,VRVRVRVRVPPTRVRVRVRV
174,1,1,LIVAD,1,1,CKFKFQFNM,1,1,CKFKFQFNM,1,1,LIVAGE,1,1,KKKGGGAAAVVVIII
175,1,1,IVAD,1,1,CKIKQII,1,1,CKIKIQI,1,1,LIVAGS,1,1,VVVGGGIIIAAAKKK
176,1,1,IID,1,1,CKIKQIINMWQ,1,1,CKIKQIINMWQ,1,1,IID,1,1,IIIVVVAAAGGGKKK
177,1,1,NYNYNYN,1,1,SAEAKAEAKAEASAEA,1,1,PPPPPPPPPPRKKRRQRRR,1,1,SYSYSYS,1,1,LIVAGS
178,1,1,SYSYSYS,1,1,YTIAALLSPYS,1,1,PPPPPPPPPPRRR,1,1,MKIKIQI,1,1,CKIKQIINM
179,1,1,CKFKFQFNM,1,1,WTVIIE,0,1,QMAVHV,1,1,PPPPPPPPPPRRR,1,1,KASAKAEAKAEAKASA
180,1,1,CKIKIQI,1,1,VTVIIE,1,1,TTVIIE,1,1,MKFKFQF,1,1,QMAVHV
181,1,1,CKIKIQIN,0,1,STVIYE,1,1,SVVIIE,1,1,RADFRADARADARADA,0,1,STVWIE
182,1,1,MKIKIQI,1,1,STVIIW,0,1,STVWIE,1,1,RATARAEARATARAEA,0,1,STVLIE
183,1,1,SVVIIE,1,1,STVIIA,1,1,STVIIL,1,1,NFGSVQ,1,1,STVIIW
184,1,1,STVIIN,1,1,STVFIE,1,1,STVIFE,1,1,SAEAKAEAKAEASAEA,1,1,STVIIL
185,1,1,STVIIL,1,1,STNIIE,1,1,SIVIIE,1,1,YTIAALLSPYS,0,1,STVIID
186,0,1,STVIID,1,1,SSVIIE,1,1,SFVIIE,1,1,TTVIIE,1,1,STVFIE
187,1,1,SSVIIE,1,1,SIVIIE,1,1,QTVIIE,0,1,STVYIE,0,1,STVEIE
188,1,1,SQVIIE,1,1,QTVIIE,1,1,GTVIIE,1,1,STVIIW,0,1,STSIIE
189,1,1,SAVIIE,1,1,GTVIIE,1,1,ETVIIE,1,1,STVIIF,0,1,STQIIE
190,1,1,LTVIIE,1,1,ATVIIE,1,1,ATVIIE,1,1,SNVIIE,1,1,SNVIIE
191,1,1,FTVIIE,0,1,NHVTLS,0,1,KIVKWD,1,1,SFVIIE,1,1,QTVIIE
192,0,1,NHVTLS,0,1,KDWSFY,0,1,KDWSFY,1,1,DTVIIE,1,1,MTVIIE
193,0,1,KDWSFY,1,1,VEALYL,0,1,FLVHSS,0,1,NHVTLS,1,1,FTVIIE
194,1,1,LVEALY,1,1,VVVVV,1,1,VKVEV,0,1,LYQLEN,1,1,ATVIIE
195,1,1,KKSLSLSLSLSLSLKK,1,1,KWEFY,1,1,FFEKF,1,1,KKSLSLSLSLSLSLKK,1,1,AAVVLLLW
196,1,1,SYCGY,1,1,FKIDF,1,1,FKIDF,1,1,VKVFF,1,1,KFAFD
197,1,1,FFEKF,1,1,KFFDY,1,1,KWMDF,1,1,FFEKF,1,1,SYCGY
198,1,0,QIMRW,0,0,RITWI,0,0,STYIIE,0,0,RITTR,1,0,PLVKA
199,1,0,AASGHADAA,1,0,VKVKVKVK,0,0,STVIQE,1,0,RITWI,1,0,STYIIE
200,0,0,STVPIE,0,0,STVITE,1,0,STVIIP,0,0,TTSGHTDTT,0,0,STVITE
201,0,0,STVIQE,0,0,STVIGE,0,0,STVIAE,1,0,AASGHADAA,0,0,STVISE
202,0,0,STVIAE,0,0,STVDIE,0,0,STVDIE,0,0,STVSIE,0,0,STVIME
203,1,0,STDIIE,1,0,STTIIE,0,0,STGIIE,1,0,STVIWE,0,0,STVAIE
204,1,0,PTVIIE,1,0,STIIIE,0,0,STAIIE,0,0,STVIVE,0,0,KTVIYE
205,1,0,YVSGFH,0,0,STGIIE,0,0,KTVLIE,0,0,STVISE,1,0,YVSGFH
206,1,0,WSFYLL,0,0,STAIIE,0,0,KTVIIE,0,0,STPIIE,0,0,RVNHVT
207,1,0,VTLSQP,1,0,KTVIIT,0,0,VYSRHP,0,0,STGIIE,0,0,RTPKIQ
208,0,0,TEFTPT,0,0,SGFHPS,0,0,PTEKDE,0,0,STAIIE,0,0,PTEKDE
209,0,0,SRHPAE,0,0,NGERIE,1,0,PSDIEV,0,0,KTVIVE,1,0,PKIQVY
210,0,0,RTPKIQ,0,0,LSQPKI,0,0,NGERIE,0,0,TEFTPT,0,0,NGERIE
211,0,0,QPKIVK,0,0,FTPTEK,0,0,LSQPKI,0,0,SRHPAE,0,0,KSNFLN
212,1,0,PSDIEV,0,0,FHPSDI,0,0,IQRTPK,0,0,SDLSFS,0,0,FTPTEK
213,1,0,SLYQLE,0,0,AENGKS,0,0,IEKVEH,0,0,RVNHVT,0,0,EKDEYA
214,1,0,HLVEAL,1,0,NLGPVL,0,0,HPAENG,1,0,PKIQVY,0,0,EHSDLS
215,0,0,FYTPKT,0,0,RVSVD,0,0,ERIEKV,0,0,NGKSNF,0,0,AENGKS
216,1,0,FVNQHL,1,0,VKVKV,0,0,AENGKS,0,0,LKNGER,0,0,SHLVEA
217,1,0,ERGFFY,0,0,WKPYY,0,0,FVNQHL,0,0,IQVYSR,0,0,GERGFF
218,0,0,KKFDD,1,0,PTPCY,0,0,KKFDD,0,0,FSKDWS,1,0,NLGPVL
219,0,0,DPDPD,0,0,EPYYK,1,0,VKVKV,0,0,RVSVD,0,0,DPDPD
220,0,0,YTEYK,0,0,YDPKY,0,0,DPDPD,1,0,PPPHY,0,0,EPYYK
221,0,0,YDPKY,0,0,KDPYY,1,0,PPPHY,0,0,KDPYY,0,0,YDPKY
222,1,1,AEAEAEAEAKAKAKAK,1,1,GGVVIA,1,1,QEIARLEQEIARLEYEIARLE,1,1,GGGGDD,1,1,FFKLVFF
223,1,1,GFFLGLDD,1,1,FKFEFKFE,1,1,FKFEFKFE,1,1,QEIARLEQEIARLEYEIARLE,0,1,VVEE
224,1,1,AILSS,1,1,NFGAIL,1,1,CEIEIQINMWQ,1,1,CEIEIQI,1,1,KLVFF
225,1,1,CEIEIQI,1,1,YYACAYY,1,1,YYACAYY,1,1,CEIEIQINM,1,1,SFSFSF
226,1,1,NFGAIL,1,1,FAGFT,1,1,LDFPI,1,1,KFFAAK,1,1,YFTEF
227,1,1,LDFPI,1,1,WRWRWRWRWR,1,1,FFVLK,1,1,CKAKAQANMWQ,1,1,FKFEFKFEFKFE
228,1,1,CSISIQI,1,1,KLVFFAE,1,1,CSISIQI,1,1,CKIKIQINMWQ,0,1,VEVE
229,1,1,FFALGLAGKK,1,1,FFGALGLKGK,1,1,GFFLG,1,1,CSISIQINM,1,1,YVVFL
230,1,1,RARADADARARADADA,1,1,FFGPLGLDGD,1,1,CSISIQINM,1,1,YVVFV,1,1,VVVVVVK
231,1,1,AAVVLLLWEEEEEEE,1,1,NVVQIY,1,1,FAGFT,1,1,FFGAAGLKGK,1,1,SSTSAA
232,1,1,FFGAAGLKGK,1,1,VEVE,1,1,AAVVLLLWEEEEEEE,1,1,ITSVV,1,1,FFVDF
233,1,1,VVVVVVK,1,1,VVVVVVKK,1,1,FFGAAGLKGK,1,1,VVVVVVDD,1,1,VVVVVVKK
234,1,1,FFPLGLAGDD,1,1,YVNAKQYYRILKRRY,1,1,KLVFFAE,1,1,FFPLGLAGKK,1,1,FFPLGLAGDD
235,1,1,NVQVVY,1,1,FGAIL,1,1,YFTEF,1,1,FFSGHFDFF,1,1,FGAIL
236,1,1,VVVVVVD,1,1,VVVVVVD,1,1,FKFEFKFEFKFE,1,1,VVVVVVD,1,1,RFRFRFRF
237,1,1,WVNAKQYWRILKRRW,1,1,IIIK,1,1,VVVVVVDD,1,1,RADARADARADARADA,1,1,FGFDP
238,1,1,IKVAV,1,1,LIVGD,1,1,FFVDF,1,1,GGGGGGDD,1,1,GAIL
239,1,1,FGFDP,1,1,IIIIIIKK,1,1,YVNAKQYYRILKRRY,1,1,IIIK,1,1,KFKFQFN
240,1,1,KFKFQFN,1,1,KAKAQAN,1,1,NVQVVY,1,1,NNVVNY,1,1,ILVAGD
241,1,1,KIKIQINM,1,1,KAKAQANMWQ,1,1,GFIL,1,1,KAKAQAN,1,1,AIVAGD
242,1,1,KIKIQINMWQ,0,1,KFG,1,1,GAIL,1,1,KFKFQF,1,1,LIVAGK
243,1,1,VKVRVRVRVPPTRVRVRVKV,1,1,FFGPLGLKGK,1,1,KAKAQANMWQ,1,1,VKVKVRVRVPPTRVRVKVKV,1,1,IVD
244,1,1,GGGAAAVVVIIIKKK,1,1,VKVKVKVRVPPTRVKVKVKV,1,1,KFKFQF,1,1,IIIVVVAAAGGGKKK,1,1,IID
245,1,1,KKKIIIVVVAAAGGG,1,1,GGGAAAVVVIIIKKK,1,1,KIKIQINMWQ,1,1,AIVAGD,1,1,QYQYQYQ
246,1,1,IIIVVVAAAGGGKKK,1,1,KKKAAAIIIGGGVVV,1,1,KKKIIIVVVAAAGGG,1,1,AIVAGT,1,1,CKAKAQA
247,1,1,AIVAGS,1,1,LIVAGD,1,1,ILVAGS,1,1,IVD,1,1,CKFKFQFNM
248,1,1,GYGYGYG,1,1,LIVAGK,1,1,GYGYGYG,1,1,MEMEMKMKMEMEMKMK,1,1,CKIKIQIN
249,1,1,NYNNYN,1,1,LIVAGT,1,1,KIKQIINM,1,1,NYNYNYN,1,1,RADARADFRADARADA
250,1,1,SYSSYS,1,1,IID,1,1,YFCFY,1,1,SYSSYS,1,1,SAEAKAEAKAEASAEA
251,1,1,CKAKAQA,1,1,MEMEMKMKMEMEMKMK,1,1,VTVIIE,1,1,CKIKIQI,1,1,SYVIIE
252,1,1,CKIKQII,1,1,NYNNYN,1,1,SYVIIE,1,1,KIKQIINMWQ,1,1,SVVIIE
253,1,1,RADFRADARADARADA,1,1,KIKQIINMWQ,0,1,STVYIE,1,1,RATARAEFRATARAEA,1,1,STVIIN
254,1,1,RATARAEARATARAEA,1,1,PPPPPPPPPPRKKRRQRRR,0,1,STVNIE,1,1,YTVIIE,1,1,STVIIA
255,1,1,NFGSVQ,1,1,PPPPPPPPPPRRR,0,1,STVIYE,1,1,VTVIIE,1,1,STVIFE
256,1,1,YTVIIE,1,1,MKFKFQF,1,1,STVIIY,1,1,SYVIIE,1,1,STLIIE
257,0,1,STVNIE,1,1,RADARADFRADARADA,1,1,STVIIV,1,1,STVLIE,1,1,SQVIIE
258,0,1,STVEIE,1,1,RATARAEFRATARAEA,1,1,STVIIN,1,1,STVIIS,1,1,SLVIIE
259,1,1,SLVIIE,1,1,TTVIIE,1,1,STVIIM,1,1,STVIIQ,1,1,SIVIIE
260,1,1,SIVIIE,0,1,STVTIE,1,1,STVIIF,1,1,STVIIN,1,1,SEVIIE
261,1,1,SFVIIE,1,1,STVIIV,1,1,STVIID,1,1,STVIIM,1,1,SAVIIE
262,1,1,QTVIIE,1,1,STVIIQ,1,1,STVIIA,1,1,STVIFE,1,1,NTVIIE
263,1,1,MTVIIE,1,1,STVIFE,0,1,STNIIE,0,1,STNIIE,1,1,LTVIIE
264,1,1,GTVIIE,0,1,STSIIE,1,1,STFIIE,1,1,SLVIIE,1,1,GTVIIE
265,1,1,DTVIIE,1,1,SFVIIE,1,1,SNVIIE,1,1,SEVIIE,1,1,FYLLYY
266,1,1,FLVHSS,1,1,SEVIIE,1,1,SEVIIE,1,1,SDVIIE,0,1,LYQLEN
267,1,1,VKVFF,1,1,LTVIIE,1,1,ITVIIE,1,1,SAVIIE,1,1,KKSLSLSLSLSLSLKK
268,1,1,KFAFD,1,1,DTVIIE,1,1,FYLLYY,1,1,LTVIIE,1,1,VVVVV
269,0,1,RWLDY,1,1,VKVFF,1,1,KKSLSLSLSLSLSLKK,0,1,KDWSFY,1,1,KFFFE
270,1,1,KWEFY,1,1,FFEKF,0,1,RWLDY,0,1,FLVHSS,1,1,FFEKF
271,1,1,FKIDF,1,1,KWMDF,1,1,KWEFY,1,1,KFAFD,1,1,KFFDY
272,1,0,KAAGG,1,0,KAAGG,1,0,RITWI,1,0,KAAGG,1,0,KAAGG
273,1,0,VKVKVKVKVDPPTKVEVKVKV,1,0,QIMRW,0,0,TTSGHTDTT,0,0,PFTTR,0,0,PFTTR
274,1,0,STYIIE,1,0,SWVIIE,1,0,KIKQII,1,0,VKVKVKVKVDPPTKVEVKVKV,0,0,TTSGHTDTT
275,0,0,STVVIE,1,0,STVIWE,1,0,SWVIIE,0,0,STVVIE,1,0,AASGHADAA
276,0,0,STVMIE,1,0,STVIVE,1,0,STVVIE,1,0,STVILE,0,0,KIKIQI
277,0,0,STVINE,0,0,STVIPE,0,0,STVQIE,0,0,STVIDE,1,0,VKVKVKVKVDPPTKVEVKVKV
278,0,0,STVIEE,1,0,STVIIP,0,0,STVPIE,0,0,STDIIE,1,0,STVIWE
279,1,0,SPVIIE,1,0,STVIEE,0,0,STVMIE,1,0,SPVIIE,0,0,STVIQE
280,1,0,KTVIIT,0,0,STVIAE,1,0,STVIVE,1,0,PTVIIE,0,0,STGIIE
281,0,0,KTVIIE,0,0,STVAIE,0,0,STVISE,0,0,VKWDRD,0,0,STDIIE
282,1,0,YYTEFT,0,0,KTVIVE,0,0,STVIGE,0,0,SGFHPS,1,0,KTVIIT
283,0,0,VYSRHP,0,0,SRHPAE,0,0,STVIDE,0,0,QPKIVK,0,0,LKNGER
284,0,0,VKWDRD,0,0,LSFSKD,1,0,YVSGFH,0,0,LSFSKD,0,0,IQRTPK
285,0,0,PKIQVY,0,0,IQVYSR,1,0,WSFYLL,0,0,KWDRDM,0,0,HPAENG
286,0,0,KVEHSD,0,0,HPAENG,0,0,SGFHPS,0,0,FTPTEK,0,0,FSKDWS
287,0,0,KSNFLN,0,0,FSKDWS,0,0,RVNHVT,0,0,ERIEKV,0,0,ERIEKV
288,0,0,IEKVEH,1,0,YQLENY,0,0,QPKIVK,0,0,EHSDLS,0,0,FYTPKT
289,0,0,HPAENG,0,0,RGFFYT,0,0,KWDRDM,1,0,SLYQLE,0,0,FFYTPK
290,0,0,FHPSDI,1,0,HLVEAL,0,0,YQLENY,0,0,SHLVEA,1,0,ERGFFY
291,0,0,SHLVEA,1,0,GFFYTP,1,0,HLVEAL,1,0,FVNQHL,1,0,EALYLV
292,0,0,GSHLVE,0,0,KKFDD,0,0,GSHLVE,1,0,ERGFFY,0,0,KKFDD
293,1,0,LIAGFN,0,0,KVKVK,1,0,FFYTPK,1,0,VKVKV,0,0,PPPHY
294,1,0,VKVKV,0,0,KDHFY,1,0,WKPYY,0,0,KVKVK,0,0,YTEYK
295,1,1,CEIEIQINM,1,1,YVIFL,1,1,YVIFL,1,1,GFFLGLDD,1,1,AEAEAEAEAKAKAKAK
296,1,1,KFFAAK,1,1,CEIEIQINMWQ,1,1,KFFAAK,1,1,NNQQNY,0,1,GGGGDD
297,1,1,GGGGGGGGGGDD,0,1,ISDNL,0,1,QQEFQWQFRQQ,1,1,GGGGGGGGGGDD,1,1,CEIEIQI
298,1,1,GGVVIA,1,1,FFVLK,1,1,WRWRWRWR,1,1,FKFEFKFE,1,1,FKFEFKFE
299,0,1,ISDNL,1,1,CSISIQI,1,1,CKFKFQFNMWQ,1,1,CEIEIQINMWQ,0,1,QQEFQWQFRQQ
300,1,1,YYACAYY,1,1,GFFLG,1,1,FFKLVFF,1,1,WRWRWRWR,1,1,WRWRWRWR
301,1,1,CKFKFQFNMWQ,1,1,AAAAAAD,1,1,AAAAAAD,1,1,CKAKAQANM,1,1,CKAKAQANMWQ
302,1,1,FFKLVFF,1,1,YVVFV,1,1,GGGGGGGGDD,1,1,VQIVYK,1,1,AAVVLLLWEE
303,1,1,CSISIQINM,1,1,ITSVV,1,1,RARADADARARADADA,1,1,FFALGLAGKK,1,1,RARADADARARADADA
304,1,1,AAAAAAD,1,1,VVEE,1,1,FFGALGLDGD,1,1,FAGFT,1,1,ITSVV
305,1,1,ITSVV,1,1,FFGPAGLDGD,1,1,WRWRWRWRWR,1,1,GFFL,1,1,WRWRWRWRWR
306,1,1,GFFL,1,1,DFY,1,1,GFFL,1,1,NVVVVY,1,1,FFGALGLKGK
307,1,1,GAVILRR,1,1,YVVFL,1,1,GAVILRR,1,1,FFGPAGLDGD,1,1,NVVQIY
308,1,1,NVVQIY,1,1,VVVVVVK,1,1,SFSFSF,1,1,LLLLLLKK,1,1,DFY
309,1,1,YFTEF,1,1,SSTSAA,1,1,FFGPAGLDGD,1,1,AAAAAAAAAAAARR,1,1,FGFHFSFDF
310,1,1,AAAAAAAAAAAARR,1,1,GNNQQNY,1,1,DFY,1,1,VVVVVVK,1,1,IKVAV
311,1,1,FGAIL,1,1,FGFHFSFDF,1,1,YVVFL,1,1,FFPLGLAGDD,1,1,GGGGGGDD
312,1,1,GNNQQNY,1,1,WVNAKQYWRILKRRW,1,1,FFSGHFDFF,1,1,GNNQQNY,1,1,IIIK
313,1,1,RFRFRFRF,1,1,NNVVNY,1,1,LLLLLLDD,1,1,IKVAV,1,1,LLLLLLDD
314,1,1,NNVVNY,0,1,KAKAQA,0,1,KAKAQA,1,1,FGFDP,1,1,IIIIIIKK
315,1,1,IIIIIIKK,1,1,KIKIQINM,0,1,KAKAQAN,1,1,IIIIIIKK,0,1,KFG
316,1,1,VRVRVRVRVPPTRVRVRVRV,1,1,KLDLKLDLKLDL,1,1,VRVRVRVRVPPTRVRVRVRV,1,1,KIKIQINM,1,1,KFKFQF
317,1,1,VKVKVRVRVPPTRVRVKVKV,1,1,VKVKVRVRVPPTRVRVKVKV,1,1,VKVKVRVRVPPTRVRVKVKV,1,1,VKVKVKVRVPPTRVKVKVKV,1,1,KIKIQINM
318,1,1,ILVAGD,1,1,LIVAAD,1,1,LAVAGD,1,1,KKKAAAIIIGGGVVV,1,1,KLDLKLDLKLDL
319,1,1,LIVAAD,1,1,AIVAGD,1,1,QYQYQYQ,1,1,LIVAAD,1,1,FFGPAGLKGK
320,1,1,LIVAGS,1,1,LIVAGE,1,1,SYSYSYS,1,1,LIVAGK,1,1,LIVAAD
321,1,1,AIVAGT,1,1,AIVAGT,1,1,SYSSYS,1,1,LIVAGT,1,1,LIVAGE
322,1,1,IVD,1,1,QYQQYQ,1,1,LFF,1,1,LIVAD,1,1,AIVAGS
323,1,1,QYQQYQ,1,1,LFF,1,1,MKIKIQI,1,1,LFF,1,1,LIVAD
324,1,1,CKIKQIINMWQ,1,1,AAKAAAKAAAKAAAKA,1,1,RADARADFRADARADA,1,1,AAKAAAKAAAKAAAKA,1,1,IVAD
325,1,1,KIKQIINMWQ,1,1,CKFKFQF,1,1,RATARAEARATARAEA,1,1,CKFKFQF,1,1,NYNYNYN
326,1,1,PPPPPPPPPPRKKRRQRRR,1,1,CKIKIQI,1,1,SAEAKAEAKAEASAEA,1,1,KIKQIINM,1,1,SYSSYS
327,1,1,PPPPPPPPPPRRR,1,1,RADFRADARADARADA,1,1,YTVIIE,1,1,PPPPPPPPPPRKKRRQRRR,1,1,CKIKIQI
328,1,1,MKFKFQF,1,1,NFGSVQ,1,1,STVIIW,1,1,SVVIIE,1,1,KIKQIINM
329,1,1,RADARADFRADARADA,1,1,YFCFY,1,1,STVIIE,1,1,STVIIA,1,1,KIKQIINMWQ
330,1,1,YFCFY,0,1,STVWIE,1,1,STVFIE,1,1,STLIIE,1,1,YTIAALLSPYS
331,1,1,YTIAALLSPYS,1,1,STVLIE,0,1,STSIIE,1,1,STFIIE,1,1,VTVIIE
332,1,1,WTVIIE,1,1,STVIIN,1,1,STLIIE,0,1,STEIIE,0,1,STVNIE
333,1,1,VTVIIE,1,1,STVIIM,1,1,SQVIIE,1,1,SSVIIE,1,1,STVIIY
334,0,1,STVTIE,1,1,STVIIE,1,1,SMVIIE,1,1,QTVIIE,1,1,SSVIIE
335,1,1,STVLIE,0,1,STQIIE,1,1,SDVIIE,1,1,ETVIIE,1,1,SMVIIE
336,0,1,STVIYE,0,1,STEIIE,1,1,SAVIIE,0,1,KIVKWD,1,1,SGVIIE
337,1,1,STVIIY,1,1,SNVIIE,1,1,LTVIIE,1,1,FYLLYY,1,1,DTVIIE
338,1,1,STVIIW,1,1,SMVIIE,1,1,FTVIIE,1,1,VEALYL,0,1,NHVTLS
339,1,1,STVIIE,1,1,SAVIIE,1,1,DTVIIE,1,1,LVEALY,0,1,KDWSFY
340,0,1,STSIIE,1,1,MTVIIE,1,1,LVEALY,1,1,VKVEV,1,1,VEALYL
341,1,1,SGVIIE,1,1,LLYYTE,1,1,FKFEF,1,1,SYCGY,0,1,FLVHSS
342,1,1,SEVIIE,1,1,FYLLYY,1,1,KFAFD,1,1,RWLDY,1,1,VKVEV
343,0,1,KIVKWD,0,1,LYQLEN,1,1,KFFDY,1,1,KWMDF,0,1,RWLDY
344,0,0,PFTTR,1,0,PLVKA,1,0,PLVKA,1,0,QIMRW,1,0,SWVIIE
345,1,0,VKVKVKVK,0,0,TGTHTSTDT,0,0,PFTTR,0,0,TGTHTSTDT,0,0,STVSIE
346,1,0,SWVIIE,1,0,AASGHADAA,0,0,TGTHTSTDT,1,0,AGAHASADA,0,0,STVPIE
347,0,0,STVSIE,0,0,KIKIQI,1,0,AASGHADAA,1,0,KIKIQI,0,0,STVMIE
348,1,0,STVIWE,1,0,VKVKVKVKVDPPTKVEVKVKV,0,0,STVSIE,1,0,VKVKVKVK,0,0,STVIPE
349,0,0,STVIPE,0,0,STVMIE,0,0,STVIPE,0,0,STYIIE,1,0,STVILE
350,1,0,STVILE,0,0,STVIQE,0,0,STVIME,0,0,STVINE,0,0,STVIGE
351,0,0,STVIDE,0,0,STVIME,0,0,STPIIE,0,0,STVIME,0,0,STVIDE
352,0,0,STVDIE,0,0,STVIDE,1,0,STIIIE,0,0,STVIGE,0,0,STVIAE
353,1,0,STIIIE,0,0,STMIIE,1,0,SPVIIE,0,0,STVAIE,0,0,STMIIE
354,0,0,STGIIE,0,0,STDIIE,1,0,PTVIIE,1,0,KTVIIT,0,0,KTVIVE
355,0,0,STAIIE,1,0,PTVIIE,0,0,KTVIYE,1,0,WSFYLL,1,0,YYTEFT
356,0,0,SGFHPS,1,0,YVSGFH,0,0,KTVIVE,1,0,VTLSQP,0,0,VKWDRD
357,0,0,RVNHVT,0,0,VYSRHP,1,0,VTLSQP,0,0,RTPKIQ,0,0,TEFTPT
358,0,0,LSFSKD,0,0,TEFTPT,0,0,VKWDRD,0,0,NGERIE,0,0,SRHPAE
359,0,0,KWDRDM,0,0,RTPKIQ,0,0,SRHPAE,0,0,IEKVEH,0,0,SGFHPS
360,0,0,IQRTPK,0,0,QPKIVK,0,0,SDLSFS,1,0,EVDLLK,0,0,LSQPKI
361,1,0,EVDLLK,0,0,IEKVEH,0,0,RTPKIQ,0,0,DLLKNG,0,0,KWDRDM
362,0,0,DLLKNG,0,0,EVDLLK,1,0,PKIQVY,1,0,YQLENY,0,0,RGFFYT
363,0,0,AENGKS,0,0,EKDEYA,1,0,SLYQLE,0,0,FYTPKT,0,0,GSHLVE
364,0,0,RGFFYT,0,0,EHSDLS,0,0,SHLVEA,0,0,FFYTPK,1,0,GFFYTP
365,0,0,FFYTPK,1,0,FFYTPK,0,0,RGFFYT,1,0,WKPYY,1,0,VKVKV
366,0,0,RVSVD,1,0,ERGFFY,1,0,GFFYTP,0,0,KDHFY,0,0,KVKVK
367,0,0,YEPYK,1,0,PPPHY,0,0,EPYYK,0,0,YDPKY,1,0,WKPYY
